﻿empty,empty,empty,empty,empty,empty,empty,empty,empty,empty,empty,empty
empty,ZERO,ZERO,-1.5,-0.5,-1.5,ZERO,-1.5,-0.5,-1.5,ZERO,empty
empty,ZERO,ZERO,-1.5,-0.5,-1.5,ZERO,-1.5,-0.5,-1.5,ZERO,empty
empty,ZERO,ZERO,-1.5,-0.5,-1.5,ZERO,-1.5,-0.5,-1.5,ZERO,empty
empty,ZERO,ZERO,-1.5,-0.5,-1.5,ZERO,-1.5,-0.5,-1.5,ZERO,empty
empty,ZERO,ZERO,-1.5,-0.5,-1.5,ZERO,-1.5,-0.5,-1.5,ZERO,empty
empty,ZERO,ZERO,-1.5,-0.5,-1.5,ZERO,-1.5,-0.5,-1.5,ZERO,empty
empty,empty,empty,empty,empty,empty,empty,empty,empty,empty,empty,empty