﻿empty,empty,empty,empty,empty,empty,empty,empty,empty,empty,empty,empty
empty,ZERO,-2,-1.5,-0.5,-1.5,ZERO,-2,-1.5,-0.5,-1.5,empty
empty,ZERO,-2,-1.5,-0.5,-1.5,ZERO,-2,-1.5,-0.5,-1.5,empty
empty,ZERO,-2,-1.5,-0.5,-1.5,ZERO,-2,-1.5,-0.5,-1.5,empty
empty,ZERO,-2,-1.5,-0.5,-1.5,ZERO,-2,-1.5,-0.5,-1.5,empty
empty,ZERO,-2,-1.5,-0.5,-1.5,ZERO,-2,-1.5,-0.5,-1.5,empty
empty,ZERO,-2,-1.5,-0.5,-1.5,ZERO,-2,-1.5,-0.5,-1.5,empty
empty,empty,empty,empty,empty,empty,empty,empty,empty,empty,empty,empty