﻿empty,empty,empty,empty,empty,empty,empty,empty,empty,empty,empty,empty
empty,ZERO,-3.33,-3.33,-3.33,-3.33,-3.33,-3.33,-3.33,-3.33,-3.33,empty
empty,ZERO,-3.33,-3.33,-3.33,-3.33,-3.33,-3.33,-3.33,-3.33,-3.33,empty
empty,ZERO,-3,-3,-3,-3,-3,-3,-3,-3,-3,empty
empty,ZERO,-3,-3,-3,-3,-3,-3,-3,-3,-3,empty
empty,ZERO,-2.67,-2.67,-2.67,-2.67,-2.67,-2.67,-2.67,-2.67,-2.67,empty
empty,ZERO,-2.67,-2.67,-2.67,-2.67,-2.67,-2.67,-2.67,-2.67,-2.67,empty
empty,empty,empty,empty,empty,empty,empty,empty,empty,empty,empty,empty