﻿empty,empty,empty,empty,empty,empty,empty,empty,empty,empty,empty,empty
empty,-3.33,-3.33,-3.33,-3.33,-3.33,-3.33,-3.33,-3.33,-3.33,ZERO,empty
empty,-3.33,-3.33,-3.33,-3.33,-3.33,-3.33,-3.33,-3.33,-3.33,ZERO,empty
empty,-3,-3,-3,-3,-3,-3,-3,-3,-3,ZERO,empty
empty,-3,-3,-3,-3,-3,-3,-3,-3,-3,ZERO,empty
empty,-2.67,-2.67,-2.67,-2.67,-2.67,-2.67,-2.67,-2.67,-2.67,ZERO,empty
empty,-2.67,-2.67,-2.67,-2.67,-2.67,-2.67,-2.67,-2.67,-2.67,ZERO,empty
empty,empty,empty,empty,empty,empty,empty,empty,empty,empty,empty,empty