﻿empty,empty,empty,empty,empty,empty,empty,empty,empty,empty,empty,empty
empty,ZERO,ZERO,ZERO,ZERO,ZERO,ZERO,ZERO,ZERO,ZERO,ZERO,empty
empty,-3.67,-3.67,-3.67,-3.67,-3.67,-3.67,-3.67,-3.67,-3.67,-3.67,empty
empty,-3.33,-3.33,-3.33,-3.33,-3.33,-3.33,-3.33,-3.33,-3.33,-3.33,empty
empty,-3,-3,-3,-3,-3,-3,-3,-3,-3,-3,empty
empty,-2.67,-2.67,-2.67,-2.67,-2.67,-2.67,-2.67,-2.67,-2.67,-2.67,empty
empty,-2.33,-2.33,-2.33,-2.33,-2.33,-2.33,-2.33,-2.33,-2.33,-2.33,empty
empty,empty,empty,empty,empty,empty,empty,empty,empty,empty,empty,empty